chain,chain_id,contract_address,from_block,resolved_to_block,to_block_requested,chunk_size,transfer_event_count,active_senders,active_recipients,mint_count,burn_count,plain_transfer_count,sum_mints_raw,sum_burns_raw,net_mint_raw,total_supply_at_start_minus_1,total_supply_at_start_minus_1_provenance,total_supply_at_end,onchain_delta_raw,discrepancy_raw,metadata_call_pass,historical_supply_pass,no_duplicate_logs_pass,transfer_decode_pass,supply_invariant_pass,duplicate_count,full_decode_error_count
arbitrum,42161,0xaf88d065e77c8cC2239327C5EDb3A432268e5831,461870006,464280529,464280529,500,6477823,353705,340657,15646,11955,6450222,533175599434336,491640728120652,41534871313684,5836906102.101342,on-chain,5878440973.415026,41534871313684,0,true,true,true,true,true,0,0
base,8453,0x833589fCD6eDb6E08f4c7C32D4f71b54bdA02913,45877327,46179726,46179726,500,19850762,907087,1103899,21557,17502,19811703,413420218328740,545461878796461,-132041660467721,4399414674.696996,on-chain,4267373014.229275,-132041660467721,0,true,true,true,true,true,0,0
ethereum,1,0xA0b86991c6218b36c1d19D4a2e9Eb0cE3606eB48,25075306,25125536,25125536,500,4232919,593860,713111,14375,11314,4207230,4356713867622560,4611507020199469,-254793152576909,54422948307.650423,on-chain,54168155155.073514,-254793152576909,0,true,true,true,true,true,0,0
