chain,chain_id,contract_address,from_block,resolved_to_block,to_block_requested,chunk_size,transfer_event_count,active_senders,active_recipients,mint_count,burn_count,plain_transfer_count,sum_mints_raw,sum_burns_raw,net_mint_raw,total_supply_at_start_minus_1,total_supply_at_start_minus_1_provenance,total_supply_at_end,onchain_delta_raw,discrepancy_raw,metadata_call_pass,historical_supply_pass,no_duplicate_logs_pass,transfer_decode_pass,supply_invariant_pass,duplicate_count,full_decode_error_count
arbitrum,42161,0xaf88d065e77c8cC2239327C5EDb3A432268e5831,458085624,460491249,460491249,500,4866248,287266,290038,18899,13075,4834274,625735399308676,409542392008783,216193007299893,5526000173.740651,on-chain,5742193181.040544,216193007299893,0,true,true,true,true,true,0,0
base,8453,0x833589fCD6eDb6E08f4c7C32D4f71b54bdA02913,45402127,45704526,45704526,500,17208596,925834,1118818,44948,17379,17146269,409839663285135,450518591315295,-40678928030160,4457244601.347867,on-chain,4416565673.317707,-40678928030160,0,true,true,true,true,true,0,0
ethereum,1,0xA0b86991c6218b36c1d19D4a2e9Eb0cE3606eB48,24996368,25046605,25046605,500,3130346,485752,621495,15289,11357,3103700,4744575419715288,3525469371665959,1219106048049329,54163511394.099501,on-chain,55382617442.148830,1219106048049329,0,true,true,true,true,true,0,0
