chain,chain_id,contract_address,from_block,resolved_to_block,to_block_requested,chunk_size,transfer_event_count,active_senders,active_recipients,mint_count,burn_count,plain_transfer_count,sum_mints_raw,sum_burns_raw,net_mint_raw,total_supply_at_start_minus_1,total_supply_at_start_minus_1_provenance,total_supply_at_end,onchain_delta_raw,discrepancy_raw,metadata_call_pass,historical_supply_pass,no_duplicate_logs_pass,transfer_decode_pass,supply_invariant_pass,duplicate_count,full_decode_error_count
arbitrum,42161,0xaf88d065e77c8cC2239327C5EDb3A432268e5831,462559764,464438118,464438118,500,5078139,289023,277549,11581,9063,5057495,422784380580231,346144742099862,76639638480369,5803330039.920722,on-chain,5879969678.401091,76639638480369,0,true,true,true,true,true,0,0
base,8453,0x833589fCD6eDb6E08f4c7C32D4f71b54bdA02913,45963727,46199501,46199501,500,15679507,741703,897329,15604,13061,15650842,310918610325619,352779671646855,-41861061321236,4307641235.568829,on-chain,4265780174.247593,-41861061321236,0,true,true,true,true,true,0,0
ethereum,1,0xA0b86991c6218b36c1d19D4a2e9Eb0cE3606eB48,25089645,25128822,25128822,500,3692900,520521,614786,10525,8506,3673869,3061684036431389,3029935778117704,31748258313685,54128632972.670902,on-chain,54160381230.984587,31748258313685,0,true,true,true,true,true,0,0
