chain,chain_id,contract_address,from_block,resolved_to_block,to_block_requested,chunk_size,transfer_event_count,active_senders,active_recipients,mint_count,burn_count,plain_transfer_count,sum_mints_raw,sum_burns_raw,net_mint_raw,total_supply_at_start_minus_1,total_supply_at_start_minus_1_provenance,total_supply_at_end,onchain_delta_raw,discrepancy_raw,metadata_call_pass,historical_supply_pass,no_duplicate_logs_pass,transfer_decode_pass,supply_invariant_pass,duplicate_count,full_decode_error_count
arbitrum,42161,0xaf88d065e77c8cC2239327C5EDb3A432268e5831,275231008,277637793,277637793,500,4142603,110305,129724,7062,5958,4129583,244390209238759,161700969295829,82689239942930,1803072811.367846,on-chain,1885762051.310776,82689239942930,0,true,true,true,true,true,0,0
base,8453,0x833589fCD6eDb6E08f4c7C32D4f71b54bdA02913,22506127,22808526,22808526,500,5571685,218519,268817,8983,6415,5556287,244769292856483,285250916746225,-40481623889742,3286402577.900278,on-chain,3245920954.010536,-40481623889742,0,true,true,true,true,true,0,0
ethereum,1,0xA0b86991c6218b36c1d19D4a2e9Eb0cE3606eB48,21203704,21253879,21253879,500,748862,150205,167721,4750,5100,739012,3131847086438594,1861211781144419,1270635305294175,27325147672.137272,on-chain,28595782977.431447,1270635305294175,0,true,true,true,true,true,0,0
