chain,chain_id,contract_address,from_block,resolved_to_block,to_block_requested,chunk_size,transfer_event_count,active_senders,active_recipients,mint_count,burn_count,plain_transfer_count,sum_mints_raw,sum_burns_raw,net_mint_raw,total_supply_at_start_minus_1,total_supply_at_start_minus_1_provenance,total_supply_at_end,onchain_delta_raw,discrepancy_raw,metadata_call_pass,historical_supply_pass,no_duplicate_logs_pass,transfer_decode_pass,supply_invariant_pass,duplicate_count,full_decode_error_count
arbitrum,42161,0xaf88d065e77c8cC2239327C5EDb3A432268e5831,433213243,435639345,435639345,500,7940173,293411,336845,15155,15738,7909280,508244151486612,568974836919139,-60730685432527,6151824770.553508,on-chain,6091094085.120981,-60730685432527,0,true,true,true,true,true,0,0
base,8453,0x833589fCD6eDb6E08f4c7C32D4f71b54bdA02913,42291727,42594126,42594126,500,23666689,726629,944079,17839,10979,23637871,417227109590607,374488263855907,42738845734700,4146522581.927930,on-chain,4189261427.662630,42738845734700,0,true,true,true,true,true,0,0
ethereum,1,0xA0b86991c6218b36c1d19D4a2e9Eb0cE3606eB48,24479995,24530203,24530203,500,3551800,569718,743173,17371,10384,3524045,4151929812777919,2790936377756523,1360993435021396,51450100080.521161,on-chain,52811093515.542557,1360993435021396,0,true,true,true,true,true,0,0
