chain,chain_id,contract_address,from_block,resolved_to_block,to_block_requested,chunk_size,transfer_event_count,active_senders,active_recipients,mint_count,burn_count,plain_transfer_count,sum_mints_raw,sum_burns_raw,net_mint_raw,total_supply_at_start_minus_1,total_supply_at_start_minus_1_provenance,total_supply_at_end,onchain_delta_raw,discrepancy_raw,metadata_call_pass,historical_supply_pass,no_duplicate_logs_pass,transfer_decode_pass,supply_invariant_pass,duplicate_count,full_decode_error_count
arbitrum,42161,0xaf88d065e77c8cC2239327C5EDb3A432268e5831,460146890,462559767,462559767,500,5541815,338067,350343,17368,13857,5510590,522149861064753,456055833884711,66094027180042,5737236012.740680,on-chain,5803330039.920722,66094027180042,0,true,true,true,true,true,0,0
base,8453,0x833589fCD6eDb6E08f4c7C32D4f71b54bdA02913,45661327,45963726,45963726,500,17927213,932023,1136186,24205,17684,17885324,374677084879432,509105340427007,-134428255547575,4442069491.116404,on-chain,4307641235.568829,-134428255547575,0,true,true,true,true,true,0,0
ethereum,1,0xA0b86991c6218b36c1d19D4a2e9Eb0cE3606eB48,25039433,25089644,25089644,500,3472521,465587,574799,14854,11436,3446231,3565710284902464,4429677606395107,-863967321492643,54992600294.163545,on-chain,54128632972.670902,-863967321492643,0,true,true,true,true,true,0,0
